id,vink_nr,vink_date,ground,street,city,result,season,kickoff,gate,ticket,countfor92,rating,club_id,away_club_id,user_id,created_at,updated_at,league_id,programme_link,ticket_link,latitude,longitude
2,3,2003-12-26 00:00:00,Griffin Park,Braemar Road. Brentford. Hounslow. United Kingdom,,1-2,2003-2004,12:00,5912,16.0,true,,47,29,1,2014-02-12 18:22:40.704855,2014-08-14 18:11:26.214559,3,,,51.4874292,-0.3023629
4,6,2004-03-20 00:00:00,Brisbane Road,Brisbane Road. Leyton. united kingdom,,0-2,2003-2004,15:00,3637,14.0,true,,55,92,1,2014-02-12 18:22:40.734674,2014-08-14 18:11:27.030605,4,,,51.5601899,-0.0127137
5,7,2004-04-17 00:00:00,The Valley,Floyd Road. SE7. London. United Kingdom,,1-1,2003-2004,15:00,25206,25.0,false,,24,25,1,2014-02-12 18:22:40.749276,2014-08-14 18:11:27.358009,1,,,51.4869988,0.0338331
6,8,2004-09-25 00:00:00,Craven Cottage,Putney Bridge. London. United Kingdom,,1-0,2004-2005,15:00,19237,28.0,true,,7,44,1,2014-02-12 18:22:40.763323,2014-08-14 18:11:27.697629,1,,,51.4676979,-0.2120979
7,9,2004-09-10 00:00:00,Underhill,Westcombe Drive. Barnet. United Kingdom,,5-0,2004-2005,15:00,1894,12.0,true,,71,78,1,2014-02-12 18:22:40.778547,2014-08-14 18:11:28.189555,4,,,51.6471052,-0.1917215
8,10,2004-10-17 00:00:00,The Valley,Floyd Road. SE7. London. United Kingdom,,1-1,2004-2005,16:05,26553,25.0,false,,24,11,1,2014-02-12 18:22:40.7926,2014-08-14 18:11:28.601639,1,,,51.4869988,0.0338331
9,11,2004-12-18 00:00:00,York Street,York Street. Boston. United Kingdom,,3-1,2004-2005,15:00,2428,13.0,false,,93,94,1,2014-02-12 18:22:40.806921,2014-08-14 18:11:28.873536,4,,,52.9767148,-0.017016
10,12,2005-01-29 00:00:00,Gay Meadow,Railway Lane. Shrewsbury. United Kingdom,,0-1,2004-2005,15:00,3884,12.0,true,,88,67,1,2014-02-12 18:22:40.820967,2014-08-14 18:11:29.292219,4,,,52.7079594,-2.7450465
11,13,2005-02-19 00:00:00,Adams Park,Hillbottom Road. High Wycombe. United Kingdom,,1-1,2004-2005,15:00,4326,14.0,true,,67,94,1,2014-02-12 18:22:40.834817,2014-08-14 18:11:29.706378,4,,,51.6312301,-0.7947092
12,14,2005-03-25 00:00:00,Kenilworth Road,Kenilworth Road. Luton. United Kingdom,,1-3,2004-2005,15:00,7548,21.0,false,,95,21,1,2014-02-12 18:22:40.849103,2014-08-14 18:11:30.261911,3,,,51.8844667,-0.4289792
13,16,2005-04-16 00:00:00,The Valley,Floyd Road. SE7. London. United Kingdom,,1-2,2004-2005,15:00,26708,25.0,false,,24,4,1,2014-02-12 18:22:40.863095,2014-08-14 18:11:30.621617,1,,,51.4869988,0.0338331
14,23,2005-10-07 00:00:00,Plainmoor,Marnham Road. Torquay. United Kingdom,,0-0,2005-2006,19:45,2965,14.0,true,,91,71,1,2014-02-12 18:22:40.876892,2014-08-14 18:11:30.970078,4,,,50.4765553,-3.5251228
16,19,2005-08-13 00:00:00,Brunton Park,Thirlwell Gardens. Carlisle. United Kingdom,,1-3,2005-2006,15:00,6650,16.0,true,,49,71,1,2014-02-12 18:22:40.905396,2014-08-14 18:11:31.644326,4,,,54.8949509,-2.9116577
17,17,2005-04-30 00:00:00,Highfield Road,Highfield Road. Coventry. United Kingdom,,6-2,2004-2005,15:00,22728,22.0,true,,31,33,1,2014-02-12 18:22:40.919896,2014-08-14 18:11:31.946478,2,,,52.4135006,-1.4902425
18,20,2005-08-20 00:00:00,The Valley,Floyd Road. SE7. London. United Kingdom,,1-0,2005-2006,15:00,23453,25.0,false,,24,19,1,2014-02-12 18:22:40.933826,2014-08-14 18:11:32.269166,1,,,51.4869988,0.0338331
19,21,2005-09-03 00:00:00,Victoria Road,Victoria Road. Dagenham. United Kingdom,,2-2,2005-2006,12:00,1372,10.0,true,,78,52,1,2014-02-12 18:22:40.99153,2014-08-14 18:11:32.526199,4,,,51.5473264,0.16139
20,22,2005-09-17 00:00:00,The Valley,Floyd Road. SE7. London. United Kingdom,,0-2,2005-2006,15:00,27111,351.0,false,,24,5,1,2014-02-12 18:22:41.007703,2014-08-14 18:11:32.823061,1,,,51.4869988,0.0338331
21,26,2005-11-05 00:00:00,London Road,London Road. Peterborough. United Kingdom,,0-0,2005-2006,15:00,3856,13.0,true,,42,74,1,2014-02-12 18:22:41.022909,2014-08-14 18:11:33.081654,8,,,52.5330309,-0.2604155
22,27,2005-12-17 00:00:00,Ninian Park,Sloper Road. Cardiff. United Kingdom,,0-0,2005-2006,15:00,12500,15.0,true,,30,33,1,2014-02-12 18:22:41.036701,2014-08-14 18:11:33.389319,2,,,51.4695141,-3.1956644
23,28,2005-12-18 00:00:00,Park View Road,Park View Road. Welling. United Kingdom,,3-1,2005-2006,15:00,415,9.0,false,,96,97,1,2014-02-12 18:22:41.05164,2014-08-14 18:11:33.622644,9,,,51.460581,0.1189181
24,29,2005-12-26 00:00:00,The Valley,Floyd Road. SE7. London. United Kingdom,,0-1,2005-2006,12:45,27111,20.0,false,,24,1,1,2014-02-12 18:22:41.065546,2014-08-14 18:11:34.011671,1,,,51.4869988,0.0338331
26,31,2006-01-22 00:00:00,Stamford Bridge,Britannia Road. London. United Kingdom,,1-1,2005-2006,12:45,41355,45.0,true,,5,24,1,2014-02-12 18:22:41.093212,2014-08-14 18:11:34.710635,1,,,51.6219417,-0.1754692
27,33,2006-02-14 00:00:00,Selhurst Park,Whitehorse Lane. Croydon. United Kingdom,,2-1,2005-2006,20:00,17550,32.0,true,,32,13,1,2014-02-12 18:22:41.107165,2014-08-14 18:11:35.092708,2,,,51.4001237,-0.0859502
28,34,2006-02-18 00:00:00,Hillsborough,Leppings Lane. Sheffield. United Kingdom,,1-2,2005-2006,15:00,33439,17.0,true,,63,62,1,2014-02-12 18:22:41.12087,2014-08-14 18:11:35.475716,2,,,53.41313,-1.5029213
29,36,2006-03-11 00:00:00,Blundell Park,Imperial Avenue. Cleethorpes. United Kingdom,,3-0,2005-2006,15:00,5147,15.0,true,,99,71,1,2014-02-12 18:22:41.13462,2014-08-14 18:11:35.900315,3,,,53.5695984,-0.0476702
30,37,2006-03-18 00:00:00,Highbury,Avenell Road. Highbury. London. United Kingdom,,3-0,2005-2006,15:00,38223,35.0,false,,1,24,1,2014-02-12 18:22:41.149352,2014-08-14 18:11:36.227223,1,,,51.5578429,-0.1018076
31,38,2006-04-08 00:00:00,The Valley,Floyd Road. SE7. London. United Kingdom,,0-0,2005-2006,15:00,26954,20.0,false,,24,6,1,2014-02-12 18:22:41.163739,2014-08-14 18:11:36.450495,1,,,51.4869988,0.0338331
32,39,2006-04-15 00:00:00,Boundary Park,Boundary Park Road. Oldham. United Kingdom,,0-3,2005-2006,15:00,7772,20.0,true,,58,21,1,2014-02-12 18:22:41.177734,2014-08-14 18:11:36.565187,3,,,53.554049,-2.1305402
33,40,2006-04-16 00:00:00,Villa Park,Nelson Road. Birmingham. United Kingdom,,3-1,2005-2006,12:00,40158,35.0,true,,2,25,1,2014-02-12 18:22:41.191724,2014-08-14 18:11:36.886961,1,,,52.5110779,-1.8890078
35,42,2006-05-06 00:00:00,Nene Park,Diamond Way. Irthlingborough. United Kingdom,,1-2,2005-2006,15:00,4174,15.0,false,,100,71,1,2014-02-12 18:22:41.219706,2014-08-14 18:11:37.608156,4,,,52.3278044,-0.6011455
36,71,2007-08-13 00:00:00,Ewen Fields,Miles Street. Hyde. United Kingdom,,6-3,2007-2008,19:45,370,10.0,false,,108,109,1,2014-02-12 18:22:41.233564,2014-08-14 18:11:38.052442,6,,,53.4507112,-2.0662131
37,79,2007-10-06 00:00:00,Stonebridge Rooad,Stonebridge Road. Northfleet. United Kingdom,,2-1,2007-2008,15:00,1368,10.0,false,,111,91,1,2014-02-12 18:22:41.24793,2014-08-14 18:11:38.370191,5,,,51.4480025,0.3229935
38,46,2006-08-23 00:00:00,The Valley,Floyd Road. SE7. London. United Kingdom,,0-3,2006-2007,19:45,25422,25.0,false,,24,10,1,2014-02-12 18:22:41.261554,2014-08-14 18:11:38.779496,1,,,51.4869988,0.0338331
39,48,2006-09-23 00:00:00,Turf Moor,Harry Potts Way. Burnley. United Kingdom,,2-3,2006-2007,15:00,13051,17.0,true,,28,43,1,2014-02-12 18:22:41.275195,2014-08-14 18:11:39.23006,2,,,53.7888068,-2.2329912
40,49,2006-09-24 00:00:00,Racecourse Ground,Lilac Way. Wrexham. United Kingdom,,2-3,2006-2007,12:00,4705,17.0,false,,103,80,1,2014-02-12 18:22:41.289197,2014-08-14 18:11:39.56226,4,,,53.0507842,-3.0062558
41,50,2006-10-14 00:00:00,Ashton Gate,Raynes Road. Bristol. United Kingdom,,2-1,2006-2007,15:00,11899,19.0,true,,29,77,1,2014-02-12 18:22:41.303106,2014-08-14 18:11:39.936221,3,,,51.4394175,-2.6182233
42,52,2006-11-18 00:00:00,St. Andrews,Emmeline Street. Birmingham. United Kingdom,,1-1,2006-2007,12:00,22256,30.0,true,,25,20,1,2014-02-12 18:22:41.317172,2014-08-14 18:11:40.325899,2,,,52.4756455,-1.8700279
43,54,2006-11-19 00:00:00,Portman Road,Portman Road. Ipswich. United Kingdom,,3-1,2006-2007,11:30,27276,22.0,true,,36,12,1,2014-02-12 18:22:41.331175,2014-08-14 18:11:40.654248,2,,,52.0569658,1.1460533
45,83,2007-12-21 00:00:00,The Valley,Floyd Road. SE7. London. United Kingdom,,1-1,2007-2008,15:00,22040,17.0,false,,24,35,1,2014-02-12 18:22:41.358656,2014-08-14 18:11:41.450578,2,,,51.4869988,0.0338331
46,69,2007-04-21 00:00:00,The Valley,Floyd Road. SE7. London. United Kingdom,,1-1,2006-2007,15:00,27111,17.0,false,,24,62,1,2014-02-12 18:22:41.372296,2014-08-14 18:11:41.689961,1,,,51.4869988,0.0338331
48,58,2006-12-23 00:00:00,Belle Vue,Belle Vue Way. Doncaster. United Kingdom,,1-0,2006-2007,15:00,8923,15.0,true,,34,41,1,2014-02-12 18:22:41.400004,2014-08-14 18:11:42.128219,1,,,53.5173359,-1.1022002
49,64,2007-03-17 00:00:00,Ewood Park,Velvet Street. Blackburn. United Kingdom,,1-2,2006-2007,17:15,18591,20.0,true,,3,46,1,2014-02-12 18:22:41.413665,2014-08-14 18:11:42.42314,1,,,53.7277647,-2.4901721
50,63,2007-03-17 00:00:00,Crown Ground,Livingstone Road. Accrington. United Kingdom,,1-0,2006-2007,15:00,4004,15.0,true,,23,91,1,2014-02-12 18:22:41.42729,2014-08-14 18:11:42.647561,1,,,53.7644874,-2.3696772
51,62,2007-03-11 00:00:00,Molineux,Waterloo Road. Wolverhampton. United Kingdom,,1-0,2006-2007,12:00,28016,27.0,true,,20,18,1,2014-02-12 18:22:41.44099,2014-08-14 18:11:42.831691,2,,,52.5886846,-2.1328044
52,82,2007-11-04 00:00:00,Carrow Road,Carrow Road. Norwich. United Kingdom,,2-2,2007-2008,12:45,25461,25.0,true,,12,36,1,2014-02-12 18:22:41.455179,2014-08-14 18:11:43.017667,2,,,52.6227255,1.3117356
55,60,2007-03-10 00:00:00,Galpharm Stadium,Stadium Way. Huddersfield. United Kingdom,,2-0,2006-2007,12:00,14772,16.0,true,,54,72,1,2014-02-12 18:22:41.497244,2014-08-14 18:11:43.441421,2,,,53.6528916,-1.771399
56,74,2007-08-16 00:00:00,Millmoor,Millmoor Lane. Rotherham. United Kingdom,,1-3,2007-2008,19:45,5302,16.0,true,,87,63,1,2014-02-12 18:22:41.510848,2014-08-14 18:11:43.646002,14,,,53.4286205,-1.3694179
57,81,2007-11-03 00:00:00,Whitdean,Tongdean Lane. Hove. United Kingdom,,3-1,2007-2008,15:00,5317,25.0,true,,27,95,1,2014-02-12 18:22:41.52485,2014-08-14 18:11:43.883422,3,,,50.854044,-0.1621733
58,47,2006-09-16 00:00:00,The Valley,Floyd Road. SE7. London. United Kingdom,,0-1,2006-2007,12:45,26130,17.0,false,,24,43,1,2014-02-12 18:22:41.538591,2014-08-14 18:11:44.158217,1,,,51.4869988,0.0338331
59,65,2007-03-18 00:00:00,The Hawthorns,Halfords Lane. West Bromwich. United Kingdom,,1-1,2006-2007,11:30,21434,24.0,false,,18,25,1,2014-02-12 18:22:41.552522,2014-08-14 18:11:44.445744,1,,,52.5061688,-1.9660237
60,70,2007-08-11 00:00:00,The Valley,Floyd Road. SE7. London. United Kingdom,,1-1,2007-2008,15:00,23151,14.0,false,,24,61,1,2014-02-12 18:22:41.566656,2014-08-14 18:11:44.74981,2,,,51.4869988,0.0338331
61,72,2007-08-14 00:00:00,Moss Rose,Belgrave Road. Macclesfield. United Kingdom,,0-1,2007-2008,19:45,3422,10.0,false,,81,37,1,2014-02-12 18:22:41.580577,2014-08-14 18:11:44.982262,14,,,53.2440507,-2.1308982
62,73,2007-08-15 00:00:00,Gresty Road,Gresty Road. Crewe. United Kingdom,,0-3,2007-2008,19:45,2862,15.0,true,,77,35,1,2014-02-12 18:22:41.594241,2014-08-14 18:11:45.268786,14,,,53.0854127,-2.4361627
64,78,2007-09-22 00:00:00,The Valley,Floyd Road. SE7. London. United Kingdom,,2-0,2007-2008,15:00,21918,17.0,false,,24,38,1,2014-02-12 18:22:41.621844,2014-08-14 18:11:45.68204,2,,,51.4869988,0.0338331
65,59,2007-02-24 00:00:00,The Valley,Floyd Road. SE7. London. United Kingdom,,4-0,2006-2007,15:00,27111,17.0,false,,24,46,1,2014-02-12 18:22:41.635569,2014-08-14 18:11:45.960542,1,,,51.4869988,0.0338331
66,57,2006-12-22 00:00:00,Meadow Lane,Meadow Lane. Nottingham. United Kingdom,,0-1,2006-2007,19:45,4106,16.0,true,,57,80,1,2014-02-12 18:22:41.649573,2014-08-14 18:11:46.133922,4,,,52.9426375,-1.1371598
67,44,2006-08-05 00:00:00,Deepdale,Hollins Road. Preston. United Kingdom,,0-0,2006-2007,15:00,15650,21.0,true,,59,63,1,2014-02-12 18:22:41.663373,2014-08-14 18:11:46.519531,2,,,53.7735202,-2.6888512
68,45,2006-08-06 00:00:00,Tynecastle,McLeod Street. Edinburgh. United Kingdom,,2-1,2006-2007,15:00,16822,25.0,false,,101,102,1,2014-02-12 18:22:41.677474,2014-08-14 18:11:46.747983,12,,,55.9410007,-3.2285208
69,55,2006-11-25 00:00:00,The Valley,Floyd Road. SE7. London. United Kingdom,,1-1,2006-2007,12:45,26435,17.0,false,,24,6,1,2014-02-12 18:22:41.691463,2014-08-14 18:11:46.909214,1,,,51.4869988,0.0338331
70,66,2007-03-31 00:00:00,The Valley,Floyd Road. SE7. London. United Kingdom,,1-0,2006-2007,15:00,26500,17.0,false,,24,19,1,2014-02-12 18:22:41.705522,2014-08-14 18:11:47.187644,1,,,51.4869988,0.0338331
71,56,2006-12-16 00:00:00,The Valley,Floyd Road. SE7. London. United Kingdom,,0-3,2006-2007,12:45,27111,17.0,false,,24,8,1,2014-02-12 18:22:41.719678,2014-08-14 18:11:47.481839,1,,,51.4869988,0.0338331
72,114,2009-08-20 00:00:00,Goodison Park,Bullens Road. Liverpool. United Kingdom,,5-0,2009-2010,19:45,27433,20.0,false,,6,127,1,2014-02-12 18:22:41.733624,2014-08-14 18:11:47.782894,21,,,53.4763588,-2.8762288
74,110,2009-08-16 00:00:00,Greene King Stadium,Leicester Road. Hinckley. United Kingdom,,1-4,2009-2010,15:00,133,5.0,false,,124,123,1,2014-02-12 18:22:41.761698,2014-08-14 18:11:48.598179,8,,,52.5230478,-1.288651
75,109,2009-08-15 00:00:00,Brittannia Stadium,Dennis Viollet Avenue. Stoke-on-Trent. Verenigd Koninkrijk,,2-0,2009-2010,15:00,27385,25.0,true,,14,28,1,2014-02-12 18:22:41.775986,2014-08-14 18:11:48.892244,1,,,52.9860314,-2.1728142
76,121,2009-10-03 00:00:00,The Oval,Redcliffe Street. Belfast. United Kingdom,,1-1,2009-2010,15:00,2000,12.0,false,,132,133,1,2014-02-12 18:22:41.790001,2014-08-14 18:11:49.212489,24,,,54.602344,-5.8925896
77,120,2009-10-02 00:00:00,Tallaght Stadium,Whitestown Road. Dublin. Ierland,,1-0,2009-2010,19:45,6000,15.0,false,,130,131,1,2014-02-12 18:22:41.803655,2014-08-14 18:11:49.536959,23,,,53.2822103,-6.3799514
78,122,2009-10-17 00:00:00,The Valley,Floyd Road. SE7. London,,2-1,2009-2010,15:00,16991,13.0,false,,24,54,1,2014-02-12 18:22:41.817809,2014-08-14 18:11:49.817366,3,,,51.4869988,0.0338331
79,118,2009-09-05 00:00:00,The Valley,Floyd Road. SE7. London,,2-1,2009-2010,15:00,16399,13.0,false,,24,47,1,2014-02-12 18:22:41.831856,2014-08-14 18:11:50.114878,3,,,51.4869988,0.0338331
80,112,2009-08-18 00:00:00,Valley Parade,Burlington Street. Bradford. Verenigd Koninkrijk,,0-2,2009-2010,19:45,11242,20.0,true,,72,92,1,2014-02-12 18:22:41.846049,2014-08-14 18:11:50.436612,4,,,53.8043678,-1.7607698
81,126,2010-01-03 00:00:00,Celtic Park,Kinloch Street. Glasgow. Verenigd Koninkrijk,,1-1,2009-2010,12:30,58300,42.0,false,,102,138,1,2014-02-12 18:22:41.859736,2014-08-14 18:11:50.757736,12,,,55.8481873,-4.2050801
82,125,2010-01-02 00:00:00,St. Mirren Park,Greenhill Road. Paisley. United Kingdom,,1-0,2009-2010,15:00,4917,20.0,false,,136,137,1,2014-02-12 18:22:41.873736,2014-08-14 18:11:51.034725,12,,,55.8513233,-4.4430187
86,97,2008-09-07 00:00:00,Plainmoor,Westlands Lane. Torquay. United Kingdom,,2-1,2008-2009,14:00,1752,16.0,false,,91,119,1,2014-02-12 18:22:41.929268,2014-08-14 18:11:51.610739,5,,,50.4753822,-3.5251445
88,89,2008-08-09 00:00:00,Northolme,Northolme. Gainsborough. United Kingdom,,0-1,2008-2009,15:00,461,10.0,false,,114,115,1,2014-02-12 18:22:41.961321,2014-08-14 18:11:51.949791,6,,,53.4035785,-0.773068
89,86,2008-03-15 00:00:00,Borough Park,Borough Park. Workington. United Kingdom,,1-1,2007-2008,15,322,10.0,false,,112,113,1,2014-02-12 18:22:41.975274,2014-08-14 18:11:52.241906,6,,,54.6487162,-3.5510399
90,90,2008-08-10 00:00:00,City Ground,Colwick Road. West Bridgford. United Kingdom,,0-0,2008-2009,13:15,21571,27.0,true,,41,179,1,2014-02-12 18:22:41.989358,2014-08-14 18:11:52.558035,2,,,52.9389973,-1.1317304
91,93,2008-08-13 00:00:00,Ricoh Arena,Phoenix Way. Coventry. United Kingdom,,3-1,2008-2009,19:45,9293,12.0,false,,31,70,1,2014-02-12 18:22:42.003271,2014-08-14 18:11:52.965564,14,,,52.4442233,-1.4971735
92,94,2008-08-14 00:00:00,Bootham Crescent,Bootham Crescent. York. United Kingdom,,1-0,2008-2009,19:45,2603,18.0,true,,118,103,1,2014-02-12 18:22:42.017118,2014-08-14 18:11:53.3404,14,,,53.96878,-1.087901
87,91,2008-08-11 00:00:00,Alder Street,Alder Street. Atherton. United Kingdom,,0-1,2008-2009,19:45,103,5.0,false,,116,117,1,2014-02-12 18:22:41.94353,2014-08-14 18:11:53.599328,45,,,53.5240096,-2.485908
84,108,2009-04-11 00:00:00,Pennydarren Park,Park Terrace. Merthyr Tydfil. United Kingdom,,2-2,2008-2009,15:00,274,9.0,false,,121,122,1,2014-02-12 18:22:41.901675,2014-08-14 18:11:53.900744,45,,,51.7498178,-3.3782847
53,77,2007-09-15 00:00:00,Field Mill,Bishop Street,Mansfield,1-3,2007-2008,15:00,4548,16.0,false,7,110,50,1,2014-02-12 18:22:41.469349,2014-08-14 18:11:54.196209,4,,,53.138734,-1.1997975
93,115,2009-08-21 00:00:00,The Airfield,Bishops Court. Broughton. UK,,2-2,2009-2010,19:30,351,6.0,false,,128,129,1,2014-02-12 18:22:42.031197,2014-08-14 18:11:54.325373,22,,,53.168951,-2.9830173
95,100,2008-12-14 00:00:00,Fratton park,Specks Lane. Portsmouth. United Kingdom,,0-3,2008-2009,13:30,19413,34.0,true,,43,11,1,2014-02-12 18:22:42.060157,2014-08-14 18:11:54.833223,1,,,50.7964126,-1.0626025
96,106,2009-02-21 00:00:00,Loftus Road,Loftus Road. London. United Kingdom,,1-3,2008-2009,17:20,13904,25.0,false,,13,36,1,2014-02-12 18:22:42.074389,2014-08-14 18:11:55.204977,2,,,51.5081481,-0.2302921
98,107,2009-04-10 00:00:00,Memorial Stadium,Alton Road. Bristol. United Kingdom,,1-0,2008-2009,19:45,6666,17.0,false,,73,83,1,2014-02-12 18:22:42.103964,2014-08-14 18:11:55.723257,3,,,51.4856163,-2.5816756
99,101,2008-12-26 00:00:00,The Valley,Floyd Road. SE7. London,,2-2,2008-2009,13:00,21023,25.0,false,,24,13,1,2014-02-12 18:22:42.117906,2014-08-14 18:11:56.001825,2,,,51.4869988,0.0338331
100,98,2008-11-29 00:00:00,Riverside Stadium,Shepherdson Way. Middlesbrough. Verenigd Koninkrijk,,0-0,2008-2009,15:00,32160,32.0,true,,39,11,1,2014-02-12 18:22:42.131752,2014-08-14 18:11:56.241773,1,,,54.5769199,-1.2186025
101,87,2008-04-12 00:00:00,The Valley,Floyd Road. SE7. London. United Kingdom,,1-1,2007-2008,15:00,26206,17.0,false,,24,44,1,2014-02-12 18:22:42.145701,2014-08-14 18:11:56.54859,2,,,51.4869988,0.0338331
102,88,2008-08-09 00:00:00,Glanford Park,Mansfield Road. Scunthorpe. United Kingdom,,1-2,2008-2009,12:00,8315,10.0,true,,61,37,1,2014-02-12 18:22:42.15999,2014-08-14 18:11:56.770471,3,,,53.5879514,-0.6899263
103,96,2008-09-06 00:00:00,St. James Park,Saint James' Road. Exeter. United Kingdom,,2-1,2008-2009,15:00,3930,13.0,true,,52,23,1,2014-02-12 18:22:42.174463,2014-08-14 18:11:57.029888,3,,,50.7300311,-3.5215086
104,105,2009-02-07 00:00:00,Walkers Stadium,Burnmoor Street. Leicester. Verenigd Koninkrijk,,0-1,2008-2009,17:20,22328,8.0,true,,38,58,1,2014-02-12 18:22:42.188596,2014-08-14 18:11:57.391946,3,,,52.62314,-1.1395007
105,95,2008-08-16 00:00:00,Vicarage Road,vicarage road. Watford. United Kingdom,,1-0,2008-2009,15:00,14413,23.0,true,,45,24,1,2014-02-12 18:22:42.203021,2014-08-14 18:11:57.729868,2,,,51.649097,-0.4057883
107,104,2009-02-07 00:00:00,Bramall Lane,Bramall Lane. Sheffield. Verenigd Koninkrijk,,1-2,2008-2009,12:00,30786,29.0,true,,62,63,1,2014-02-12 18:22:42.231939,2014-08-14 18:11:58.459588,2,,,53.370357,-1.4708743
108,146,2011-08-20 00:00:00,Twerton Park,Dominion Road. Bath. UK,,0-1,2011-2012,15:00,781,14.0,false,,146,147,1,2014-02-12 18:22:42.246549,2014-08-14 18:11:58.90422,5,,,51.3797885,-2.397141
109,137,2010-09-11 00:00:00,Windsor Park,Donegall Avenue. Belfast. Verenigd Koninkrijk,,0-0,2010-2011,15:00,3800,10.0,false,,142,143,1,2014-02-12 18:22:42.260947,2014-08-14 18:11:59.300992,24,,,54.5859271,-5.9516695
110,138,2010-09-13 00:00:00,Oriel Park,Carrickmacross Road. Dundalk. Ierland,,5-1,2010-2011,19:45,2100,10.0,false,,141,130,1,2014-02-12 18:22:42.275879,2014-08-14 18:11:59.559206,23,,,54.0013574,-6.4241689
111,136,2010-09-10 00:00:00,Hunky Dorys Park,Windmill Road. Drogheda. Ierland,,1-3,2010-2011,19:45,783,10.0,false,,140,141,1,2014-02-12 18:22:42.289983,2014-08-14 18:11:59.85108,23,,,53.7217522,-6.3561597
112,134,2010-08-14 00:00:00,New Manor,Awsworth Road. Ilkeston. Verenigd Koninkrijk,,2-1,2010-2011,15:00,272,10.0,false,,139,109,1,2014-02-12 18:22:42.30465,2014-08-14 18:12:00.226831,6,,,52.981709,-1.3058109
113,147,2011-08-21 00:00:00,County Ground,Shrivenham Road. Swindon. UK,,1-2,2011-2012,13:00,12113,19.0,true,,90,84,1,2014-02-12 18:22:42.318766,2014-08-14 18:12:00.455729,4,,,51.6217024,-1.7026958
114,130,2010-05-01 00:00:00,The Valley,Floyd Road. SE7. London,,1-0,2009-2010,15:00,23198,13.0,false,,24,37,1,2014-02-12 18:22:42.332869,2014-08-14 18:12:00.802108,3,,,51.4869988,0.0338331
115,128,2010-04-05 00:00:00,The Valley,Floyd Road. SE7. London,,1-0,2009-2010,15:00,17229,13.0,false,,24,49,1,2014-02-12 18:22:42.347296,2014-08-14 18:12:01.115046,3,,,51.4869988,0.0338331
116,139,2010-12-12 00:00:00,The Valley,Floyd Road. SE7. London,,0-1,2010-2011,15:00,14938,17.0,false,,24,66,1,2014-02-12 18:22:42.361381,2014-08-14 18:12:01.29339,3,,,51.4869988,0.0338331
118,145,2011-04-30 00:00:00,St. James Park,Saint James' Road. Exeter. Verenigd Koninkrijk,,1-0,2010-2011,15:00,7869,21.0,false,,52,85,1,2014-02-12 18:22:42.389625,2014-08-14 18:12:01.977201,3,,,50.7300311,-3.5215086
119,127,2010-01-30 00:00:00,The Valley,Floyd Road. SE7. London,,1-1,2009-2010,15:00,16168,13.0,false,,24,65,1,2014-02-12 18:22:42.403718,2014-08-14 18:12:02.382941,3,,,51.4869988,0.0338331
120,144,2011-04-29 00:00:00,Plainmoor,Westlands Lane. Torquay. United Kingdom,,0-0,2010-2011,19:45,5002,16.0,false,,91,50,1,2014-02-12 18:22:42.418851,2014-08-14 18:12:02.734268,4,,,50.4753822,-3.5251445
121,135,2010-08-15 00:00:00,County Ground,Pavilion Road. Nottingham. United Kingdom,,1-1,2010-2011,13:15,24986,24.0,false,,41,37,1,2014-02-12 18:22:42.432855,2014-08-14 18:12:02.968636,2,,,53.010103,-1.1557616
122,131,2010-05-06 00:00:00,Underhill,Westcombe Drive. Barnet. United Kingdom,,1-0,2009-2010,15:00,4638,15.0,false,,71,60,1,2014-02-12 18:22:42.446943,2014-08-14 18:12:03.222317,4,,,51.6471052,-0.1917215
123,129,2010-04-17 00:00:00,The Valley,Floyd Road. SE7. London,,0-1,2009-2010,15:00,200231,13.0,false,,24,12,1,2014-02-12 18:22:42.460878,2014-08-14 18:12:03.490976,3,,,51.4869988,0.0338331
124,142,2011-04-15 00:00:00,Roots Hall,Roots Hall. Victoria Avenue. Southend-on-Sea. Verenigd Koninkrijk,,4-0,2009-2010,19:45,5217,18.0,true,,89,72,1,2014-02-12 18:22:42.474944,2014-08-14 18:12:03.780606,4,,,51.549269,0.702096
125,140,2010-12-28 00:00:00,Kassam Stadium,Grenoble Road. Oxford. United Kingdom,,2-1,2010-2011,15:00,9440,19.0,true,,84,88,1,2014-02-12 18:22:42.489053,2014-08-14 18:12:04.018305,4,,,51.7146284,-1.2055178
126,143,2011-04-16 00:00:00,Cressing Road,Cressing Road. Braintree. UK,,2-0,2010-2011,15:00,693,12.0,false,,144,145,1,2014-02-12 18:22:42.502934,2014-08-14 18:12:04.240269,7,,,51.8763149,0.5732548
128,117,2009-08-23 00:00:00,Cardiff City Stadium,Ninian Park. Cardiff. United Kingdom,,4-0,2009-2010,13:15,20853,25.0,false,,30,29,1,2014-02-12 18:22:42.531913,2014-08-14 18:12:04.886142,2,,,51.4771368,-3.192251
233,233,2014-03-16 00:00:00,Old Trafford,Sir Matt Busby Way,Manchester,0-3,2013-2014,13:30,75225,50.0,false,3,10,8,1,2014-03-18 09:31:36.263559,2014-08-14 18:12:05.253135,1,"","",53.4629714,-2.2890041
130,123,2009-12-28 00:00:00,Griffin Park,Braemar Road. Brentford. Hounslow. United Kingdom,,1-1,2009-2010,15:00,8387,20.0,false,,47,24,1,2014-02-12 18:22:42.560699,2014-08-14 18:12:05.518899,3,,,51.4874292,-0.3023629
131,32,2006-02-11 00:00:00,Edgar Street,Edgar Street. Hereford. United Kingdom,,1-0,2005-2006,15:00,2555,10.0,false,,80,98,1,2014-02-12 18:22:42.574678,2014-08-14 18:12:05.866039,5,,,52.0617665,-2.718754
132,53,2006-11-18 00:00:00,St. Georges Lane,St Georges lane. Worcester. United Kingdom,,3-2,2006-2007,15:00,1053,10.0,false,,104,105,1,2014-02-12 18:22:42.589079,2014-08-14 18:12:06.277297,6,,,52.2045357,-2.2236763
133,67,2007-04-09 00:00:00,Hayes Lane,Letchworth Drive. Bromley. United Kingdom,,2-1,2006-2007,15:00,822,10.0,false,,106,107,1,2014-02-12 18:22:42.606631,2014-08-14 18:12:06.639308,7,,,51.391209,0.0157362
134,15,2005-04-15 00:00:00,Vetch Field,Madoc Street. Swansea. United Kingdom,,1-0,2004-2005,19:45,10602,15.0,true,,16,84,1,2014-02-12 18:22:42.620823,2014-08-14 18:12:06.946051,4,,,51.6170512,-3.950822
136,35,2006-03-10 00:00:00,Sixfields,Edgar Mobbs Way. Northampton. United Kingdom,,0-3,2005-2006,19:45,7045,15.0,true,,83,49,1,2014-02-12 18:22:42.648841,2014-08-14 18:12:07.846026,4,,,52.2357477,-0.9242608
137,84,2008-02-08 00:00:00,The Valley,Floyd Road. SE7. London. United Kingdom,,2-0,2007-2008,19:45,26202,17.0,false,,24,32,1,2014-02-12 18:22:42.662711,2014-08-14 18:12:08.283622,2,,,51.4869988,0.0338331
138,85,2008-02-16 00:00:00,The Valley,Floyd Road. SE7. London. United Kingdom,,2-2,2007-2008,15:00,26337,17.0,false,,24,45,1,2014-02-12 18:22:42.676689,2014-08-14 18:12:08.610935,2,,,51.4869988,0.0338331
139,68,2007-04-09 00:00:00,The Valley,Floyd Road. SE7. London. United Kingdom,,0-0,2006-2007,17:00,26271,17.0,false,,24,179,1,2014-02-12 18:22:42.690614,2014-08-14 18:12:09.247751,1,,,51.4869988,0.0338331
141,76,2007-09-14 00:00:00,Memorial Stadium,Alton Road. Bristol. United Kingdom,,0-3,2007-2008,19:45,11883,17.0,true,,73,37,1,2014-02-12 18:22:42.718658,2014-08-14 18:12:09.883386,3,,,51.4856163,-2.5816756
142,80,2007-10-27 00:00:00,The Valley,Floyd Road. SE7. London. United Kingdom,,0-1,2007-2008,15:00,236711,72.0,false,,24,13,1,2014-02-12 18:22:42.784581,2014-08-14 18:12:10.243314,2,,,51.4869988,0.0338331
143,132,2010-08-07 00:00:00,The Valley,Floyd Road. SE7. London,,1-0,2010-2011,15:00,16236,17.0,false,,24,22,1,2014-02-12 18:22:42.80442,2014-08-14 18:12:10.54666,3,,,51.4869988,0.0338331
147,160,2011-10-28 00:00:00,Brandywell,Brandywell Road. Londonderry. United Kingdom,,0-0,2011-2012,19:45,2164,5.5,false,,162,131,1,2014-02-12 18:22:42.861689,2014-08-14 18:12:10.976854,23,,,54.9910321,-7.3347364
148,161,2011-10-29 00:00:00,Shamrock Park,Brownstown Road. Craigavon. Verenigd Koninkrijk,,1-2,2011-2012,15:00,800,10.0,false,,164,143,1,2014-02-12 18:22:42.875904,2014-08-14 18:12:11.37874,24,,,54.4164245,-6.4565995
149,162,2011-10-29 00:00:00,Tolka Park,Richmond Road. Dublin. Ireland,,1-2,2011-2012,19:45,3277,15.0,false,,165,166,1,2014-02-12 18:22:42.890067,2014-08-14 18:12:11.581537,23,,,53.3275022,-6.2636143
152,141,2011-03-12 00:00:00,Dean Court,King's Park Drive. Bournemouth. Verenigd Koninkrijk,,1-3,2010-2011,15:00,10008,19.0,true,,22,44,1,2014-02-12 18:22:42.932334,2014-08-14 18:12:12.16818,3,,,50.7340219,-1.8321661
153,4,2003-12-28 00:00:00,Loftus Road,South Africa Road. London. United Kingdom,,2-0,2003-2004,15:00,15720,24.0,true,,13,51,1,2014-02-12 18:22:42.946341,2014-08-14 18:12:12.446394,3,,,51.5110879,-0.2294677
154,167,2012-02-26 00:00:00,Hillsborough,Leppings Lane. Sheffield,,1-0,2011-2012,13:00,36364,26.0,false,,63,62,1,2014-02-12 18:22:42.960114,2014-08-14 18:12:12.717802,3,,,53.41313,-1.5029213
155,165,2012-01-21 00:00:00,The Valley,Floyd Road. SE7. London. United Kingdom,,1-0,2011-2012,15.00,20,22.0,false,,24,62,1,2014-02-12 18:22:42.974159,2014-08-14 18:12:12.977019,3,,,51.4869988,0.0338331
156,164,2011-12-26 00:00:00,The Crabble,Crabble Road. Dover. United Kingdom,,1-1,2011-2012,15.00,1027,12.0,false,,169,120,1,2014-02-12 18:22:42.988848,2014-08-14 18:12:13.245535,7,,,51.1401906,1.2868657
159,154,2011-08-27 00:00:00,Holker Street,Holker Street Stadium. Wilkie Road. Barrow-in-Furness. Cumbria LA14 5UW,,1-2,2011-2012,15:00,1291,1.0,false,,147,155,1,2014-02-12 18:22:43.031367,2014-08-14 18:12:13.968847,5,,,54.1237595,-3.2352052
160,158,2011-09-23 00:00:00,Falmer,Village Way. Brighton. Verenigd Koninkrijk,,3-3,2011-2012,19:45,20646,30.0,false,,27,37,1,2014-02-12 18:22:43.045142,2014-08-14 18:12:14.395762,1,,,50.8607055,-0.0812815
161,152,2011-08-25 00:00:00,Ibrox,Edmiston Drive. Glasgow. UK,,1-1,2011-2012,19:45,32223,25.0,false,,138,153,1,2014-02-12 18:22:43.059367,2014-08-14 18:12:14.796676,21,,,55.852788,-4.3122744
162,155,2011-08-28 00:00:00,Vicarage Road,Vicarage Road. Watford. United Kingdom,,1-1,2011-2012,15:00,11937,26.0,false,,45,38,1,2014-02-12 18:22:43.073383,2014-08-14 18:12:15.180311,2,,,51.649097,-0.4057883
164,169,2012-04-06 00:00:00,The Camrose,Western Way. Basingstoke. United Kingdom,,0-3,2011-2012,15:00,1198,12.0,false,,175,176,1,2014-02-12 18:22:43.102117,2014-08-14 18:12:15.569505,7,,,51.2568976,-1.1128273
166,171,2012-04-07 00:00:00,St. Mary's Stadium,Britannia Road. Southampton. Hampshire SO14 5FP,,2-2,2011-2012,13:00,31743,35.0,true,,44,43,1,2014-02-12 18:22:43.130598,2014-08-14 18:12:15.900525,2,,,50.9067127,-1.3905711
167,172,2012-04-21 00:00:00,The Valley,Floyd Road. SE7. London,,2-1,2011-2012,15:00,18539,18.0,false,,24,67,1,2014-02-12 18:22:43.144391,2014-08-14 18:12:16.302697,3,,,51.4869988,0.0338331
168,173,2012-08-24 00:00:00,Ship Lane,Back Lane. Thurrock. United Kingdom,,1-4,2012-2013,19:45,110,8.0,false,,219,220,1,2014-02-12 18:22:43.15853,2014-08-14 18:12:16.661327,8,,,51.4887442,0.2662193
169,174,2012-08-25 00:00:00,The Shay,Hunger Hill. Halifax. United Kingdom,,5-1,2012-2013,15:00,1167,12.0,false,,98,112,1,2014-02-12 18:22:43.17417,2014-08-14 18:12:17.054655,6,,,53.7176283,-1.8588781
172,177,2012-09-28 00:00:00,Solitude,Cliftonville Street. Belfast. United Kingdom,,3-1,2012-2013,19:45,702,10.0,false,,143,223,1,2014-02-12 18:22:43.215897,2014-08-14 18:12:17.660057,24,,,54.6186757,-5.9475104
173,178,2012-09-29 00:00:00,Showgrounds,Hillmans Fancy. Coleraine. UK,,2-0,2012-2013,15:00,780,10.0,false,,222,224,1,2014-02-12 18:22:43.229806,2014-08-14 18:12:17.970595,24,,,55.1323128,-6.6610713
174,179,2012-09-29 00:00:00,Finn Park,Chestnut Road. Ballybofey. ireland,,1-2,2012-2013,19:45,550,10.0,false,,225,226,1,2014-02-12 18:22:43.243913,2014-08-14 18:12:18.389136,23,,,54.7987506,-7.779125
177,151,2011-08-24 00:00:00,Broadwood Stadium,Ardgoil Drive. Cumbernauld. United Kingdom,,0-4,2011-2012,19:45,1778,10.0,false,,151,152,1,2014-02-12 18:22:43.286743,2014-08-14 18:12:18.943103,26,,,55.9449743,-4.0339937
178,183,2012-12-09 00:00:00,Dens Park,Sandeman Street. Dundee. United Kingdom,,0-3,2012-2013,12:45,11419,20.0,false,,234,235,1,2014-02-12 18:22:43.301029,2014-08-14 18:12:19.197629,12,,,56.4752313,-2.9680461
179,148,2011-08-21 00:00:00,Langland Stadium,Langland Avenue. Malvern. United Kingdom,,0-0,2011-2012,15:00,131,0.0,false,,229,230,1,2014-02-12 18:22:43.314971,2014-08-14 18:12:19.524664,8,,,52.116077,-2.3059459
180,24,2005-10-08 00:00:00,Huish Park,Memorial Road. Yeovil. United Kingdom,,1-0,2005-2006,15:00,7578,16.0,true,,68,16,1,2014-02-12 18:22:43.32886,2014-08-14 18:12:19.785843,3,,,50.9493513,-2.6729912
182,181,2012-11-03 00:00:00,The Valley,Floyd Road. SE7. London. United Kingdom,,1-4,2012-2013,15:00,17736,20.0,false,,24,39,1,2014-02-12 18:22:43.357224,2014-08-14 18:12:20.401675,2,,,51.4869988,0.0338331
183,182,2012-12-08 00:00:00,Almondvale Stadium,Almondvale Stadium Road. Livingston. United Kingdom,,2-1,2012-2013,15:00,1495,17.0,false,,232,233,1,2014-02-12 18:22:43.371281,2014-08-14 18:12:20.540152,37,,,55.8866648,-3.5251593
184,184,2012-12-29 00:00:00,The Valley,Floyd Road. SE7. London. United Kingdom,,1-1,2012-2013,15:00,17761,20.0,false,,24,33,1,2014-02-12 18:22:43.385689,2014-08-14 18:12:20.92677,2,,,51.4869988,0.0338331
144,149,2011-08-22 00:00:00,Horsfall Stadium,moor top Road. Buttershaw. Bradford. United Kingdom,,1-0,2011-2012,19:45,354,9.0,false,,148,149,1,2014-02-12 18:22:42.818399,2014-08-14 18:12:21.233201,43,,,53.7562318,-1.7776326
157,157,2011-08-29 00:00:00,The Mill Field,Mill Road. Aveley. United Kingdom,,3-3,2011-2012,15:00,113,9.0,false,,158,159,1,2014-02-12 18:22:43.003295,2014-08-14 18:12:21.577339,43,,,51.5021821,0.2506388
146,159,2011-10-14 00:00:00,Bob Lucas Stadium,Radipole Lane. Weymouth. United Kingdom,,1-1,2011-2012,15:00,421,11.0,false,,160,161,1,2014-02-12 18:22:42.847442,2014-08-14 18:12:21.871533,43,,,50.6250156,-2.4779623
150,163,2011-12-26 00:00:00,Westbourne Stadium,Cheriton Road. Folkestone. United Kingdom,,8-0,2011-2012,13.00,1019,8.0,false,,167,168,1,2014-02-12 18:22:42.904265,2014-08-14 18:12:22.20122,44,,,51.0853018,1.1609428
175,180,2012-10-13 00:00:00,Chadfields,Chadfields. Tilbury. United Kingdom,,0-1,2012-2013,15:00,421,8.0,false,,227,228,1,2014-02-12 18:22:43.258682,2014-08-14 18:12:22.479565,44,,,51.4693705,0.3640872
151,166,2012-02-25 00:00:00,The Moat Ground,Moat Street. Swadlincote. United Kingdom,,2-0,2011-2012,15:00,357,8.0,false,,170,171,1,2014-02-12 18:22:42.918311,2014-08-14 18:12:23.160133,45,,,52.7621317,-1.5630041
165,170,2012-04-07 00:00:00,Mill Road,Mill Road. Arundel. Verenigd Koninkrijk,,1-5,2011-2012,19:30,527,5.0,false,,177,178,1,2014-02-12 18:22:43.116599,2014-08-14 18:12:23.506975,45,,,50.8568858,-0.6234338
185,185,2013-01-04 00:00:00,Rodney Parade,Rodney Road. Newport. United Kingdom,,1-1,2012-2013,19:45,3627,17.0,false,,186,103,1,2014-02-12 18:22:43.400004,2014-08-14 18:12:24.374245,5,,,51.5891219,-2.9910468
187,187,2013-01-27 00:00:00,Griffin Park,Braemar Road. brentford. UK,,2-2,2012-2013,12:00,12146,30.0,false,,47,5,1,2014-02-12 18:22:43.428617,2014-08-14 18:12:25.031594,8,,,51.4874292,-0.3023629
188,188,2013-02-02 00:00:00,Links Park,Wellington Street. Montrose. Angus DD10 8QD. United Kingdom,,2-2,2012-2013,15:00,326,11.0,false,,238,239,1,2014-02-12 18:22:43.442816,2014-08-14 18:12:25.393735,38,,,56.7139165,-2.4609939
189,189,2013-02-03 00:00:00,Starks Park,Bridgeway. Mill Street. Kirkcaldy. United Kingdom,,0-3,2012-2013,12:45,7144,17.0,false,,237,102,1,2014-02-12 18:22:43.457111,2014-08-14 18:12:25.70751,39,,,56.0985589,-3.1685813
190,190,2013-03-15 00:00:00,Fir Park,Fir Park Street. Motherwell. Scotland,,4-1,2012-2013,19:45,5108,19.0,false,,152,243,1,2014-02-12 18:22:43.470956,2014-08-14 18:12:26.02623,12,,,55.7799254,-3.9815328
191,191,2013-03-16 00:00:00,Gayfield Park,Queen's Drive. Arbroath. Scotland,,1-1,2012-2013,15:00,656,12.0,false,,240,241,1,2014-02-12 18:22:43.484564,2014-08-14 18:12:26.379811,40,,,56.5523548,-2.5961942
192,192,2013-03-17 00:00:00,Tannadice,Tannadice Street. Dundee. United Kingdom,,1-1,2012-2013,12:00,10731,22.0,false,,235,234,1,2014-02-12 18:22:43.498818,2014-08-14 18:12:26.625145,12,,,56.4739294,-2.9684927
194,194,2013-04-12 00:00:00,Kenilworth Road,Kenilworth Road. Luton. United Kingdom,,1-1,2012-2013,19:45,5662,18.0,false,,95,99,1,2014-02-12 18:22:43.528308,2014-08-14 18:12:26.75632,5,,,51.8844667,-0.4289792
196,200,2013-06-15 00:00:00,St. Colman's Park,Barrymore Avenue. Cobh. Ireland,,0-2,2013-2014,19:45,547,10.0,false,,247,226,1,2014-02-12 18:22:43.556044,2014-08-14 18:12:26.86829,23,,,51.8528166,-8.299353
199,197,2013-04-27 00:00:00,St. George's Lane,St Georges Ln N. Worcester. Worcestershire WR1. United Kingdom,,0-1,2012-2013,15:00,4075,12.0,false,,104,193,1,2014-02-12 18:22:43.598588,2014-08-14 18:12:27.143911,6,,,52.2045369,-2.2241339
200,198,2013-04-28 00:00:00,Aggborough Stadium,Griffin Road. Kidderminster. United Kingdom,,1-3,2012-2013,13:30,6202,14.0,false,,185,103,1,2014-02-12 18:22:43.61258,2014-08-14 18:12:27.304513,5,,,52.3802668,-2.2444068
201,199,2013-06-14 00:00:00,Turner's Cross,Turners Cross. Cork. Ireland,,1-0,2013-2014,19:45,1483,13.0,false,,166,140,1,2014-02-12 18:22:43.626164,2014-08-14 18:12:27.410854,23,,,51.8852642,-8.4685816
202,202,2013-08-14 00:00:00,Wembley Stadium,Royal Route. Wembley. UK,,3-2,2013-2014,19:45,80485,45.0,false,,248,249,1,2014-02-12 18:22:43.640402,2014-08-14 18:12:27.528891,11,,,51.5569073,-0.281952
203,203,2013-08-15 00:00:00,Belle Vue,Grange Road. Rhyl. United Kingdom,,5-5,2013-2014,18:45,500,10.0,false,,129,253,1,2014-02-12 18:22:43.654113,2014-08-14 18:12:27.627148,22,,,53.3198509,-3.4773902
206,205,2013-08-17 00:00:00,Elland Road,Elland Road. Leeds. United Kingdom,,1-1,2013-2014,12:15,23766,31.0,false,,37,63,1,2014-02-12 18:22:43.695462,2014-08-14 18:12:27.752917,2,,,53.7780634,-1.5712434
207,207,2013-08-18 00:00:00,Selhurst Park,holmesdale road. croydon. london. united kingdom,,0-1,2013-2014,13:30,28235,35.0,false,,32,17,1,2014-02-12 18:22:43.709646,2014-08-14 18:12:27.890772,1,,,51.3966087,-0.0859545
208,208,2013-08-31 00:00:00,Vale Park,Hamil Road. Stoke-on-Trent. United Kingdom,,1-3,2013-2014,15:00,12601,22.0,true,,86,20,1,2014-02-12 18:22:43.723574,2014-08-14 18:12:28.006631,3,,,53.0502892,-2.1895171
209,209,2013-09-01 00:00:00,Holloways Park,holloways park. Beaconsfield. hp9 2se. UK,,1-1,2013-2014,15:00,222,8.0,false,,258,259,1,2014-02-12 18:22:43.737327,2014-08-14 18:12:28.13299,8,,,,
210,210,2013-09-07 00:00:00,Catons Lane,Catons Lane. Saffron Walden. United Kingdom,,6-0,2013-2014,15:00,194,4.0,false,,260,261,1,2014-02-12 18:22:43.751335,2014-08-14 18:12:28.183626,41,,,,
211,212,2013-09-28 00:00:00,Royal Oak,Main Road. Harwich. United Kingdom,,5-0,2013-2014,15:00,50,2.0,false,,262,263,1,2014-02-12 18:22:43.765152,2014-08-14 18:12:28.248885,42,,,,
212,216,2013-10-13 00:00:00,Richmond Park,Emmet road. Dublin. Ireland,,2-0,2013-2014,17:15,3211,15.0,true,,268,269,1,2014-02-12 18:22:43.779193,2014-08-14 18:12:28.305685,23,,,,
214,215,2013-10-13 00:00:00,Carlisle Grounds,Carlisle Grounds. bray. ireland,,1-0,2013-2014,15:00,650,10.0,false,,266,267,1,2014-02-12 18:22:43.806746,2014-08-14 18:12:28.415012,23,,,,
215,214,2013-10-12 00:00:00,Dalymount Park,Dalymount Park. Dublin. Ireland,,1-1,2013-2014,19:45,1976,15.0,false,,131,141,1,2014-02-12 18:22:43.820533,2014-08-14 18:12:28.476438,23,,,,
216,211,2013-09-27 00:00:00,Roots Hall,Fairfax drive. Southend-on-Sea. United Kingdom,,1-1,2013-2014,19:45,5489,19.0,false,,89,73,1,2014-02-12 18:22:43.834248,2014-08-14 18:12:28.53592,4,,,,
217,217,2013-10-25 00:00:00,Victoria Park,Victoria Park. Dingwall. United Kingdom,,0-0,2013-2014,19:45,1,1.0,false,,270,271,1,2014-02-12 18:22:43.848075,2014-08-14 18:12:28.588681,12,,,,
218,218,2013-10-26 00:00:00,Glebe Park,Trinity Road. Brechin. United Kingdom,,3-1,2013-2014,15:00,765,15.0,false,,272,240,1,2014-02-12 18:22:43.862075,2014-08-14 18:12:28.7059,40,,,,
219,219,2013-10-27 00:00:00,Firhill Stadium,Firhill Road. Glasgow. United Kingdom,,1-2,2013-2014,12:45,7978,1.0,false,,273,102,1,2014-02-12 18:22:43.875856,2014-08-14 18:12:28.924484,12,,,55.8788091,-4.2687839
220,220,2013-12-14 00:00:00,Clarence Road,Clarence Road. St. Albans. United Kingdom,,1-2,2013-2014,15:00,887,12.0,false,,275,182,1,2014-02-12 18:22:43.889419,2014-08-14 18:12:29.174997,9,,,51.755063,-0.3205649
170,175,2012-08-26 00:00:00,Shielfield Park,Shielfield Park. Berwich. United Kingdom,,1-1,2012-2013,12:00,4140,0.0,false,,221,138,1,2014-02-12 18:22:43.187911,2014-08-14 18:12:29.778017,38,,,55.760262,-2.012318
204,204,2013-08-16 00:00:00,Look Local Stadium,Bracken Moore Lane. Stocksbridge. United Kingdom,,3-1,2013-2014,19:45,200,8.0,false,,254,196,1,2014-02-12 18:22:43.667864,2014-08-14 18:12:30.07231,43,,,53.4770719,-1.5882004
129,111,2009-08-17 00:00:00,Hurst Cross,Hurst Cross. Ashton-under-Lyne. United Kingdom,,2-3,2009-2010,19:45,142,8.0,false,,125,126,1,2014-02-12 18:22:42.546373,2014-08-14 18:12:30.382626,43,,,53.5007505,-2.0781495
83,124,2010-01-01 00:00:00,The Giant Axe,Hubert Place. Lancaster. United Kingdom,,3-1,2009-2010,15:00,395,7.0,false,,134,135,1,2014-02-12 18:22:41.887704,2014-08-14 18:12:30.640781,44,,,54.051079,-2.811887
193,193,2013-04-01 00:00:00,Kettering Road,Kettering Road. Stamford. United Kingdom,,4-1,2012-2013,15:00,583,8.0,false,,244,245,1,2014-02-12 18:22:43.513814,2014-08-14 18:12:31.283834,44,,,52.6420816,-0.4846808
205,206,2013-08-17 00:00:00,Dennyfield,Ainsbury Avenue. Thackley. United Kingdom,,1-3,2013-2014,15:00,78,8.0,false,,255,256,1,2014-02-12 18:22:43.681686,2014-08-14 18:12:31.614384,41,,,53.8496793,-1.7245705
176,156,2011-08-29 00:00:00,Stag Meadow,Talbot Court. Saint Leonard's Road. Windsor. United Kingdom,,0-1,2011-2012,11:30,159,6.0,false,,157,156,1,2014-02-12 18:22:43.27278,2014-08-14 18:12:31.936772,41,,,51.4713553,-0.6228793
198,196,2013-04-20 00:00:00,Underhill,Westcombe Drive,Barnet,1-0,2012-2013,15:00,6001,14.0,false,7,71,67,1,2014-02-12 18:22:43.584748,2014-08-14 18:12:32.302044,4,,,51.6471052,-0.1917215
225,225,2014-01-05 00:00:00,Pride Park,Derwent Parade,Derby,0-2,2013-2014,14:15,32110,25.0,true,3,33,5,1,2014-02-19 20:10:51.698708,2014-08-14 18:12:32.589834,8,"","",52.9149723,-1.4504244
224,224,2014-01-04 00:00:00,Moss Rose,Belgrave Road,Macclesfield,1-1,2013-2014,15:00,5837,16.0,false,4,81,63,1,2014-02-18 20:14:29.574178,2014-08-14 18:12:32.778813,8,"","",53.2440507,-2.1308982
221,221,2013-12-28 00:00:00,Cadbury Recreation Ground,Bournville Lane. Birmingham. B30 1LA. United Kingdom,"",7-0,2013-2014,14:00,30,0.0,false,3,277,278,1,2014-02-12 18:22:43.903045,2014-08-14 18:12:33.021007,41,"","",52.4267334,-1.9336072
3,5,2004-02-21 00:00:00,Old Trafford,Sir Matt Busby Way. Stretford. Manchester. United Kingdom,,1-1,2003-2004,12:30,67744,28.0,true,,10,37,1,2014-02-12 18:22:40.719804,2014-08-14 18:11:26.636479,1,,,53.4629714,-2.2890041
15,18,2005-05-07 00:00:00,Layer Road,Harp Meadow Lane. Colchester. United Kingdom,,2-1,2004-2005,15:00,4834,13.0,true,,51,91,1,2014-02-12 18:22:40.891137,2014-08-14 18:11:31.343938,3,,,51.8748377,0.8830176
25,30,2006-01-14 00:00:00,Highbury,Avenell Road. London. United Kingdom,,7-0,2005-2006,15:00,38186,30.0,true,,1,39,1,2014-02-12 18:22:41.079289,2014-08-14 18:11:34.306248,1,,,51.55819,-0.1019043
34,41,2006-04-29 00:00:00,The Valley,Floyd Road. SE7. London. United Kingdom,,0-2,2005-2006,17:15,26254,25.0,false,,24,3,1,2014-02-12 18:22:41.205627,2014-08-14 18:11:37.188617,1,,,51.4869988,0.0338331
44,43,2006-07-15 00:00:00,Underhill,Westcombe Drive. Barnet. United Kingdom,,0-0,2006-2007,15:00,45931,151.0,false,,71,1,1,2014-02-12 18:22:41.345009,2014-08-14 18:11:40.937299,11,,,51.6471052,-0.1917215
47,61,2007-03-10 00:00:00,Elland Road,Elland Road. Leeds. United Kingdom,,1-0,2006-2007,15:00,27138,15.0,true,,37,95,1,2014-02-12 18:22:41.385936,2014-08-14 18:11:41.90298,2,,,53.7780634,-1.5712434
54,51,2006-10-15 00:00:00,Home Park,Mayflower Drive. Plymouth. United Kingdom,,3-1,2006-2007,13:15,13622,22.0,true,,85,33,1,2014-02-12 18:22:41.483332,2014-08-14 18:11:43.204891,2,,,50.3867225,-4.1537289
63,75,2007-08-16 00:00:00,Priestfield,Redfern Avenue. Gillingham. United Kingdom,,0-2,2007-2008,15:00,6416,23.0,true,,79,65,1,2014-02-12 18:22:41.607932,2014-08-14 18:11:45.480805,3,,,51.3856466,0.5605254
73,113,2009-08-19 00:00:00,Anfield Road,Anfield Road. Liverpool. United Kingdom,,4-0,2009-2010,19:45,44318,36.0,true,,8,14,1,2014-02-12 18:22:41.747637,2014-08-14 18:11:48.190166,1,,,53.431869,-2.9612167
85,102,2008-12-28 00:00:00,Broadfield Stadium,Anglesey Close. Crawley. Verenigd Koninkrijk,,1-0,2008-2009,15:00,1479,12.0,true,,76,120,1,2014-02-12 18:22:41.915553,2014-08-14 18:11:51.354496,5,,,51.1003818,-0.1982814
94,103,2009-01-27 00:00:00,The Valley,Floyd Road. SE7. London,,1-0,2008-2009,19:45,20627,25.0,false,,24,32,1,2014-02-12 18:22:42.045865,2014-08-14 18:11:54.524697,2,,,51.4869988,0.0338331
97,99,2008-11-30 00:00:00,Eastlands,Rowsley Street. Manchester. United Kingdom,,0-1,2008-2009,13:30,47320,42.0,true,,9,10,1,2014-02-12 18:22:42.08949,2014-08-14 18:11:55.469506,1,,,53.4829255,-2.2044997
106,116,2009-08-22 00:00:00,Christie Park,Christie Avenue. Morecambe. United Kingdom,,2-2,2009-2010,15:00,1757,12.0,true,,82,81,1,2014-02-12 18:22:42.21737,2014-08-14 18:11:58.199385,4,,,54.0666011,-2.8463527
117,133,2010-08-13 00:00:00,Brisbane Road,Brisbane Road. London. Verenigd Koninkrijk,,1-2,2010-2011,19:45,5535,22.0,false,,55,24,1,2014-02-12 18:22:42.375556,2014-08-14 18:12:01.624765,3,,,51.5601899,-0.0127137
127,119,2009-09-26 00:00:00,The Valley,Floyd Road. SE7. London,,2-1,2009-2010,15:00,16867,13.0,false,,24,52,1,2014-02-12 18:22:42.517402,2014-08-14 18:12:04.55746,3,,,51.4869988,0.0338331
135,25,2005-10-29 00:00:00,The Valley,Floyd Road. SE7. London. United Kingdom,,0-1,2005-2006,15:00,26175,20.0,false,,24,4,1,2014-02-12 18:22:42.634783,2014-08-14 18:12:07.39229,1,,,51.4869988,0.0338331
227,227,2014-01-25 00:00:00,Roots Hall,Victoria Avenue,Southend-on-Sea,0-2,2013-2014,15:00,10250,20.0,false,4,89,35,1,2014-02-19 20:15:06.433579,2014-08-14 18:12:34.517235,8,"","",51.5492954,0.7045402
226,226,2014-01-24 00:00:00,Griffin Park,Braemar Road,Brentford,2-1,2013-2014,19:45,7713,10.0,false,5,47,79,1,2014-02-19 20:13:16.301851,2014-08-14 18:12:34.893013,3,"","",51.4874292,-0.3023629
222,223,2013-12-29 00:00:00,The Valley,Floyd Road. SE7. London. United Kingdom,"",1-1,2013-2014,15:00,16377,24.0,false,3,24,63,1,2014-02-12 18:22:43.916734,2014-08-14 18:12:35.159305,2,"","",51.4869988,0.0338331
228,228,2014-02-21 00:00:00,Dean Street,Dean Street,Shildon,3-0,2013-2014,19:45,151,6.0,false,4,287,288,1,2014-02-26 20:04:43.75643,2014-08-14 18:12:35.527966,43,https://dl.dropboxusercontent.com/u/45762137/Football/england/shildon/programme.jpeg,"",54.6333672,-1.6494531
229,229,2014-02-22 00:00:00,Croft Park,Plessey Road,Blyth,0-1,2013-2014,15:00,395,10.0,false,3,290,289,1,2014-02-26 20:09:07.629248,2014-08-14 18:12:35.838003,43,https://dl.dropboxusercontent.com/u/45762137/Football/england/blythspartans/programme.jpeg,"",55.1172257,-1.5140631
243,235,2014-03-30 00:00:00,Tynecastle,Gorgie Road,Edinburgh,2-0,2013-2014,12:45,16873,35.0,false,5,101,243,1,2014-04-08 14:01:19.126439,2014-08-14 18:12:36.154337,12,"",https://dl.dropboxusercontent.com/u/45762137/Football/scotland/hearts/ticket.jpeg,55.9355854,-3.2423816
242,234,2014-03-29 00:00:00,Central Park,Hall Street,Cowdenbeath,1-1,2013-2014,15:00,497,15.0,false,4,297,293,1,2014-04-08 13:58:46.880718,2014-08-14 18:12:36.465708,37,https://dl.dropboxusercontent.com/u/45762137/Football/scotland/cowdenbeath/programme.jpeg,"",56.1108857,-3.344954
232,232,2014-03-15 00:00:00,Wellesley Stadium,Sandown Road,Great Yarmouth,0-1,2013-2014,18:00,153,6.0,false,2,329,330,1,2014-03-18 09:29:51.988516,2014-08-14 18:12:36.723534,41,https://dl.dropboxusercontent.com/u/45762137/Football/england/greatyarmouth/programme.jpg,"",52.613583,1.7352443
244,236,2014-04-18 00:00:00,Ashton Gate,Ashton Gate,Bridtol,2-1,2013-2014,15:00,13427,21.0,false,4,29,57,1,2014-04-21 17:22:12.704678,2014-08-14 18:12:37.043815,3,"",https://dl.dropboxusercontent.com/u/45762137/Football/england/bristolcity/ticket_bristol.jpeg,51.4416679,-2.6214231
246,238,2014-04-19 00:00:00,Bickland Park,Bickland Water Road,Falmouth,1-2,2013-2014,15:00,75,5.0,false,3,332,333,1,2014-04-21 17:30:29.26529,2014-08-14 18:12:37.383017,45,https://dl.dropboxusercontent.com/u/45762137/Football/england/falmouthtown/programme_falmouth.jpeg,"",50.1470052,-5.0949764
247,239,2014-04-26 00:00:00,Pilot Field,Elphinstone Road,Hastings,1-0,2013-2014,15:00,492,10.0,false,5,334,335,1,2014-04-27 13:24:08.913376,2014-08-14 18:12:38.004268,44,https://dl.dropboxusercontent.com/u/45762137/Football/england/hastingsunited/programme_hastings.jpeg,https://dl.dropboxusercontent.com/u/45762137/Football/england/hastingsunited/ticket_hastings.jpeg,50.8677487,0.58185
248,800,2001-03-04 00:00:00,Craven Cottage,"",London,1-1,2000-2001,14:00,16468,13.0,true,,7,4,13,2014-05-06 16:47:03.67538,2014-08-14 18:12:38.204464,2,"","",51.5073509,-0.1277583
249,240,2014-05-17 00:00:00,Holm Park,Hamilton Street,Clydebank,1-3,2013-2014,14:00,,5.0,false,3,336,337,1,2014-05-21 06:21:00.418697,2014-08-14 18:12:38.602835,49,https://dl.dropboxusercontent.com/u/45762137/Football/scotland/clydebank/programme1.jpeg,https://dl.dropboxusercontent.com/u/45762137/Football/scotland/clydebank/ticket1.jpeg,55.893277,-4.3907074
250,241,2014-05-18 00:00:00,East End Park,Halbeath Road,Dunfermline,0-3,2013-2014,16:05,8288,15.0,false,3,233,297,1,2014-05-21 06:24:08.682663,2014-08-14 18:12:38.882593,40,https://dl.dropboxusercontent.com/u/45762137/Football/scotland/dunfermline/Programma%20Dunfermline.jpg,https://dl.dropboxusercontent.com/u/45762137/Football/scotland/dunfermline/ticket2.jpeg,56.0783633,-3.4218691
251,242,2014-08-09 00:00:00,Colston Avenue,Colston Avenue,Carshalton,0-0,2014-2015,15:00,183,10.0,false,3,107,338,1,2014-08-12 07:16:56.677364,2014-08-14 18:12:39.184441,44,https://dl.dropboxusercontent.com/u/45762137/Football/england/carshaltonathletic/programme.jpeg,https://dl.dropboxusercontent.com/u/45762137/Football/england/carshaltonathletic/ticket.jpeg,51.3680253,-0.1697185
223,222,2013-12-28 00:00:00,Edgar Street,Edgar Street. Hereford. United Kingdom,"",1-0,2013-2014,19:30,1848,12.0,false,4,80,184,1,2014-02-12 18:22:43.930403,2014-08-14 18:12:39.50024,5,"","",52.0617665,-2.718754
1,2,2003-10-04 00:00:00,White Hart Lane,Paxton Road. Londen. United Kingdom,,3-0,2003-2004,15:00,36137,29.0,true,,17,6,1,2014-02-12 18:22:40.681703,2014-08-14 18:12:39.873361,1,,,51.4852599,-0.2552702
140,92,2008-08-12 00:00:00,Gigg Lane,Gigg Lane. Bury. United Kingdom,,0-2,2008-2009,19:45,4176,10.0,true,,48,28,1,2014-02-12 18:22:42.704744,2014-08-14 18:12:09.554,14,,,53.5804806,-2.2949624
145,153,2011-08-26 00:00:00,Highbury,Highbury Avenue. Fleetwood. Verenigd Koninkrijk,,0-0,2011-2012,19:45,2111,12.5,true,,154,118,1,2014-02-12 18:22:42.833049,2014-08-14 18:12:10.75607,5,,,53.9162589,-3.0261675
158,150,2011-08-23 00:00:00,Cappielow Park,Sinclair Street. Greenock. United Kingdom,,3-4,2011-2012,19:45,4959,12.0,false,,150,136,1,2014-02-12 18:22:43.017259,2014-08-14 18:12:13.609291,26,,,55.9386956,-4.7273251
171,176,2012-08-27 00:00:00,The Crabble,Crabble Road. Dover. United Kingdom,,0-0,2012-2013,15:00,829,12.0,false,,169,120,1,2014-02-12 18:22:43.201754,2014-08-14 18:12:17.459318,7,,,51.1401906,1.2868657
181,1,2002-12-28 00:00:00,The Valley,Floyd Road. SE7. London. United Kingdom,,1-0,2002-2003,15:00,26196,20.0,true,,24,18,1,2014-02-12 18:22:43.342844,2014-08-14 18:12:20.082115,1,,,51.4869988,0.0338331
163,168,2012-03-10 00:00:00,Top Field,Fishponds Road. Hitchin. Verenigd Koninkrijk,,0-1,2011-2012,15:00,364,20.0,false,,173,174,1,2014-02-12 18:22:43.087764,2014-08-14 18:12:22.834289,44,,,51.9537652,-0.2807496
186,186,2013-01-05 00:00:00,London Road,Glebe Road. Peterborough. United Kingdom,,0-3,2012-2013,15:00,13198,18.0,false,,42,12,1,2014-02-12 18:22:43.414355,2014-08-14 18:12:24.721198,8,,,52.4880742,-0.2917126
197,201,2013-08-14 00:00:00,Oak Tree Road,Oak Tree Road. Marlow. United Kingdom,,6-2,2013-2014,13:00,150,0.0,false,,250,251,1,2014-02-12 18:22:43.569909,2014-08-14 18:12:26.984952,11,,,51.5794693,-0.7741035
213,213,2013-10-12 00:00:00,Clandeboye Park,Clandeboye Rd. Bangor. United Kingdom,,2-0,2013-2014,15:00,160,8.0,false,,264,265,1,2014-02-12 18:22:43.79308,2014-08-14 18:12:28.356579,46,,,,
195,195,2013-04-13 00:00:00,Belmont Road,Belmont Road. Whitstable. United Kingdom,,1-2,2012-2013,15:00,220,8.0,false,,246,168,1,2014-02-12 18:22:43.541975,2014-08-14 18:12:30.895157,44,,,51.3546894,1.0278635
231,231,2014-03-15 00:00:00,Crown Meadow,Love Road,Lowestoft,1-1,2013-2014,15:00,601,10.0,false,3,327,328,1,2014-03-18 09:27:16.235622,2014-08-14 18:12:33.432776,43,https://dl.dropboxusercontent.com/u/45762137/Football/england/lowestofttown/programme.jpeg,https://dl.dropboxusercontent.com/u/45762137/Football/england/lowestofttown/ticket.jpeg,52.48018,1.746225
230,230,2014-02-23 00:00:00,St. James Park,Strawberry Place,Newcastle upon Tyne,1-0,2013-2014,13:30,50417,27.0,true,1,11,2,1,2014-02-26 20:13:31.296353,2014-08-14 18:12:35.279472,1,"",https://dl.dropboxusercontent.com/u/45762137/Football/england/newcastleunited/ticket.jpeg,54.97484,-1.6197362
245,237,2014-04-18 00:00:00,Winterstoke Road,Winterstoke Road,Weston-Super-Mare,1-1,2013-2014,19:45,278,12.0,false,2,218,145,1,2014-04-21 17:25:58.218657,2014-08-14 18:12:37.695406,7,https://dl.dropboxusercontent.com/u/45762137/Football/england/westonsupermare/programme_weston.jpeg,https://dl.dropboxusercontent.com/u/45762137/Football/england/westonsupermare/ticket_weston.jpeg,51.3413009,-2.9636382
252,243,2014-09-20 00:00:00,Ochilview Park,Gladstone Road,Stenhousemuir,0-1,2014-2015,15:00,224,10.0,false,2,308,306,1,2014-11-29 18:09:49.5651,2014-11-29 18:09:49.5651,38,https://dl.dropboxusercontent.com/u/45762137/Football/scotland/eaststirlingshire/progamme.jpeg,https://dl.dropboxusercontent.com/u/45762137/Football/scotland/eaststirlingshire/ticket2.jpeg,,
253,244,2014-09-21 00:00:00,Dens Park,Dens Road,Dundee,1-4,2014-2015,12:15,11447,25.0,false,4,234,235,1,2014-11-29 18:13:55.560165,2014-11-29 18:13:55.560165,12,https://dl.dropboxusercontent.com/u/45762137/Football/scotland/dundeefc/ticket1.jpeg,"",,
254,246,2014-10-04 00:00:00,Palmerston Park,Terregles Street,Dumfries,0-3,2014-2015,15:00,5534,16.0,false,4,241,101,1,2014-11-29 18:17:33.484813,2014-11-29 18:17:59.517927,37,"",https://dl.dropboxusercontent.com/u/45762137/Football/scotland/queenofthesouth/ticket3.jpeg,55.0697372,-3.6251525
255,245,2014-10-03 00:00:00,Bloomfield Road,Bloomfield Road,Blackpool,1-0,2014-2015,19:45,10502,15.0,true,3,26,30,1,2014-11-29 18:21:05.341588,2014-11-29 18:21:05.341588,2,"",https://dl.dropboxusercontent.com/u/45762137/Football/england/blackpool/ticket4.jpeg,,
256,247,2014-12-26 00:00:00,Welfare Park,Park Road,Bedlington,0-1,2014-2015,11:00,,6.0,false,2,288,346,1,2014-12-30 10:01:39.524924,2014-12-30 10:01:39.524924,44,"","",,
257,248,2014-12-26 00:00:00,Croft Park,Croft Park,Blyht,1-0,2014-2015,15:00,508,10.0,false,3,290,112,1,2014-12-30 10:04:04.285653,2014-12-30 10:04:04.285653,43,"","",,
258,249,2014-12-27 00:00:00,Easter Road,Albion Road,Edinburgh,4-0,2014-2015,12:15,15261,27.0,false,4,243,138,1,2014-12-30 10:07:13.917443,2014-12-30 10:07:13.917443,12,"","",,
259,250,2014-12-27 00:00:00,Meadowbank,Clockmill Lane,Edinburgh,1-1,2014-2015,15:00,,5.0,false,3,347,348,1,2014-12-30 10:09:40.42393,2014-12-30 10:09:40.42393,49,"","",,
260,251,2014-12-28 00:00:00,Tulloch Stadium,Stadium Road,Inverness,0-1,2014-2015,15:00,6614,21.0,false,2,271,291,1,2014-12-30 10:12:04.013258,2014-12-30 10:12:04.013258,12,"","",,
261,252,2015-04-03 00:00:00,Craven Cottage,Putney Bridge,London,1-4,2014-2015,15L00,23271,40.0,false,5,7,47,1,2015-04-10 06:15:48.747086,2015-04-10 06:15:48.747086,2,"","",,
262,253,2015-04-04 00:00:00,Westfield Lane,Westfield Lane,South Elmsall,0-2,2014-2015,15:00,351,6.0,false,3,349,139,1,2015-04-10 13:08:25.732258,2015-04-10 13:08:25.732258,44,"","",,
263,254,2015-04-05 00:00:00,Stadium of Light,Millennium Way,Sunderland,1-0,2014-2015,16:00,47563,32.0,true,4,15,11,1,2015-04-10 13:11:43.01133,2015-04-10 13:11:43.01133,1,"","",,
264,255,2015-04-06 00:00:00,KGV Ground,Howlbeck Road,Guisborough,1-2,2014-2015,11:00,,6.0,false,2,350,351,1,2015-04-10 13:16:00.046497,2015-04-10 13:16:00.046497,45,"","",,
265,256,2015-04-06 00:00:00,"","","",1-2,2014-2015,15:00,,10.0,false,2,105,94,1,2015-04-10 13:32:09.736116,2015-04-10 13:32:09.736116,43,"","",,
